sample_index,comment_id,year_month,story_title,combined_text,soft_hit,gold_is_ai
1,27985255,2021-07,Toyota is quietly pushing Congress to slow the shift to electric vehicles,"toyota is quietly pushing congress to slow the shift to electric vehicles that was a typo. if you look at the amount of work and research i have done on this subject i think it is pretty easy to determine ""confused"" is far from where i am. yes, it is 1 gw. and my math uses this number, not 1 mw. i invite you to run through your own calculations. i actually want to be wrong. i just don't see what i am missing. again, this is about developing a rom (rough order of magnitude) model. the difference between 50, 100 and 300 nuclear plants is almost irrelevant. why? because we can't even build a single nuclear plant in 10 to 25 years, which means that a rom requirement of ten, twenty or a hundred nuclear power plants might as well be a million. in the us, we are at a point in history where we can't build anything of any real scale. the best example i have of this is the failed high speed train in california. a project sold to voters as a ten billion dollar price tag. it is now at a hundred billion, only about ten miles have been built. these ten miles are unusable (not in service as far as i know) and are far from being high speed by any definition of the term. some think this thing will be a trillion dollar disaster, if it is ever completed. in this context, we actually think we can add hundreds of gigawatts to our power generation system? the only way to do is is through nuclear power. which means it is a fantasy. unless our culture, philosophy and politics changes radically we just can't do it. here's another rom calculation. let's keep to california. we have just over 31 million cars and trucks [0]. since this is a rom calculation, i'll start with the assumption that everyone gets home and plugs into a type 2 charger. type 2 chargers typically deliver 3 to 5 kw of power. how much power will we require at 6:00 pm pst when everyone gets home and plugs in? 3 kw x 31 million = 93 gw 5 kw x 31 million = 155 gw it does not matter if people charge for one hour or eight, if they are all pulling 3 to 5 kw from the grid, you have to have the ability to supply this kind of power instantly or power outages and other ugly things will be the consequence. ok, this was a rom calculation. right? what if only 10% of these vehicles plug in every day at 6 pm. what then? 3 kw x 3.1 million = 9.3 gw 5 kw x 3.1 million = 15.5 gw how much power generation capacity do we have in ca? [1] refer to the table titled ""installed in-state electric generation capacity by fuel type (mw)"" in 2020, it's about 80 gw. also, note that half of it comes from burning natural gas and only just over 2 gw from nuclear. here's where we have to understand that we don't build infrastructure to be able to supply two times the power we need. the cost of doing so would be staggering. in other words, we don't have another 2 gw of nuclear power sitting around waiting to be used. hence the blackouts and other issues we have throughout the state. my guess is that we are likely at 80% peak utilization. for many years now we have been asked to limit use of air conditioning and power in general or risk blackouts. in fact, rolling blackouts are kind of a normal thing in ca these days. is it realistic to assume to only 10% of all electric cars and trucks in ca will plug in on any given day? likely not. put a different way, the longer these vehicles wait to recharge the worse the power deliver problem becomes. if they plug in every day they might only need power for a couple of hours. if everyone waits until the weekend to plug in, they might need to sit on that charger for eight to ten hours and the stress to the power grid would be compounded. i like to use nuclear power plants as my unit of measure because they are about 1 gw. the rom calculation above says we need from ten to 155 new nuclear power plants to be built in ca in order to support simultaneous class 2 charging by some portion of a vehicle fleet where every single vehicle has been switched to electric power, no more gasoline or diesel at all. i think the low end of this rom calculation isn't reasonable. the same is the case for the high end. the answer likely lives somewhere in the middle of this range. one thing is certain, we need to add a very serious amount of generation capacity, likely in the many tens of gigawatts. we might have to double our current power generation capacity. double it. how do we do that? well, being that half of it comes from natural gas, maybe we build more plants and burn more of it. how is that for being ""green""? solar? i don't think so. most of the solar capacity in ca is installed on homes. in general terms, these rooftop systems are sized to cover the energy needs of the home. most of my neighbors have systems that are barely adequate enough to cover their needs, which means they have nearly zero excess capacity. so the rooftop-solar-powered electric car charger is mostly a fantasy for most. most of the systems in my neighborhood are around 6 kw. this does not mean they actually deliver this kind of power, not even at the peak. i designed and installed my own system, which consists of 40 panels, for a theoretical total of 13 kw. at the absolute peak of the season i might see 10 kw. yesterday the peak was just over 8 kw [2]. this is due to a combination of the time of year, clouds, shade and dirt on the panels. as you can see, the curve has a nice 45 degree-ish slope both going up and down. by 6 pm (coming home time) i am at about 2 kw. most of my neighbors would be lucky to generate 1 kw at that time. as for energy generation, this is july [3], a peak of about 57 kwh. june [4] was a little bit better, with a peak at 65 kwh. may [5] had a peak at 69 kwh. april [6] was the best month, with a peak at 72 kwh. you might note that every single month had several days of really low energy output. this is usually due to weather, clouds or such things as fires reducing the photons that can reach the panels. for example, while april provided a nice 72 kwh peak, it also had a day where the best we did was 24 kwh. may was the best month so far this year, with 1.9 mwh total energy generation [7]. this is all to say that the reality of solar is very different from the fantasy of solar. most people who do not have solar think of it as some magical energy source that gives and gives and gives. not so. and, when it comes to electric vehicles, the problem becomes that you don't have it when you need it. sure, there are all manner of accounting credits that come into play. explaining the mess that is tou billing in the us would take-up another post, if not five. what do you do when you expect to generate 72 kwh and you only make 24? the power grid has to be ready to supply your needs. no problem, solar energy sharing from neighbors will take care of it locally, right? not so. most homes have small systems. in my neighborhood there are probably only two or three homes generating at my level. which means we are the only ones with real excess capacity. when the clouds come in, nobody has power to share, not even those of us who produce twice as much as the rest. without storage solar isn't very useful for electric car charging. and storage at the home is a foolish investment from a roi perspective. not there yet. believe me, i want to turn my home into a massive solar-powered ups. i studied this when i engineered my system and it is ready for it. it just does not make sense at all at the moment. it would be far more logical to add another ten panels than to buy batteries. anyhow, not to go on a tangent here. the point is that the step change in power requirement to support millions of electric cars isn't going to come from solar at residential rooftops. and, even if we installed massive grid-scale solar, the curves and generation issues you see from my system will still create issues. the only way they might be able to mitigate this would be through energy storage and, at this time, this is a high cost fantasy. i have high hopes that iron-based battery technology --which stands to be 10x cheaper-- might become a reality we can all benefit from. the other issue with solar is that neighborhoods are turning against these massive installations anywhere near their town. a few weeks ago i read a story about a massive installation that is being taken down (at great loss to all investors) because the neighborhood sued with a claim of taking a hit to home values due to the unsightly visual of thousands of panels on a hill. as is always the case, reality is far more complex than most think and it can't be reduced to a single variable. btw, an order of magnitude is 10x, not 1,000x. [0] https://www.dmv.ca.gov/portal/file/estimated-fee-paid-vehicl... [1] https://www.energy.ca.gov/data-reports/energy-almanac/califo... [2] https://i.imgur.com/ltmndo1.png [3] https://i.imgur.com/cfcit7o.png [4] https://i.imgur.com/wevckse.png [5] https://i.imgur.com/njajgwu.png [6] https://i.imgur.com/mhgkdbi.png [7] https://i.imgur.com/lcslkep.png",True,
2,23037292,2020-04,"Colleges at the breaking point, forcing ‘hard choices’ about education","colleges at the breaking point, forcing ‘hard choices’ about education colleges have been peddling shoddy goods to unsophisticated buyers for years with little or no regulation or oversight. in fact, the government has propped them up with federal money, loan guarantees, and a feeder school system that conditions their potential customers and funnels them in the doors. the shoddy goods are degrees that are highly unlikely to be worth what was paid for. you can't get more unsophisticated than an 18 year old who's been fed a dream about how their life will be awesome if they get into the school of their choice.",False,
3,31935070,2022-06,MIT engineers fly first-ever plane with no moving parts (2018),"mit engineers fly first-ever plane with no moving parts (2018) while hummingbirds are amazing, i think we will have to model out systems more closely to birds of prey. most birds can’t carry much extra weight, until you get to raptors and some sea birds. we would be after something that can carry a payload such as a salmon, a coconut, or a human.",True,
4,22738178,2020-03,Machine translation of cortical activity to text with encoder–decoder framework,"machine translation of cortical activity to text with encoder–decoder framework not to swing my credentials around, but i actually record neural activity, from monkey brains, for a living. it can be unexpectedly hard in so many different ways. the dura covering the monkey brain is much tougher, the brain itself is larger, more convoluted, and moves more, even just from breathing and heartbeats). the animals have busy, clever little fingers, so the interface itself needs to be mechanically robust and durable because these implants need to last for years . i certainly want this to be true: with the exception of neuropixels, electrode technology has been depressingly stagnant. on the other hand, i need to see data before i get too excited and if i did have it, i'd be shouting it from the rooftops.",False,
5,23102630,2020-05,Evolution of Emacs Lisp [pdf],"evolution of emacs lisp [pdf] > the title is pretty clear. the complaint is that the title is in fact unclear. if someone comes up to me saying they are going to talk about the evolution of monkeys they have two strategies: (1) developed protein complex a, cell mechanism b became vestigial, a sequence xyz came from a disease which became part of the cell structure, etc. (2) when they migrated from a to b abundant food sources meant that selective pressure caused c. then flooding destroyed the habitat and killed off all the monkeys that weren't d and that trait can still be seen today. etc. (1) focuses on technical mechanisms and (2) focuses on pressures and adaptions. this article has a mix of both, but it focuses in on the mechanism and a lot less on the adaptions within emacs. not the interpretation of 'evolution' that i was hoping for. take the section on concurrency - it leaves open the interesting question of ""why was there pressure to make a text editor concurrent?"" and ""what did they want to do with that concurrency?"". the article notes that use appears to still be limited - so why did they feel pressure to implement a feature people aren't using? are there issues with emacs' document model that make it a royal pain to use the feature even though it is technically implemented? these are very interesting questions that fall well within the scope of the evolution of elisp that are, sadly, not tackled by the article. the authors haven't missed their mark, but when discussing a text editor there are more ambitious targets to aim at - like 'how does all this stuff link back to text editing?'. few of these changes are being made because anyone sees elisp as the future.",True,
6,36537125,2023-06,YouTube is testing a more aggressive approach against ad blockers,"youtube is testing a more aggressive approach against ad blockers honestly, seeing an old spice ad isn't going to make me buy old spice. and seeing a 1 hour ad for some guy telling me to stop eating what i'm eating to have no-wipe bowel movements isn't going to make me buy the stuff. there have been studies done about plumbers. the ones that pay money to get on top in the white pages have worse reviews than the ones that work by word of mouth. i go by the same thing. if you feel that your product needs an ad, it's probably overpriced and / or doesn't do what it says it does.",False,
7,32161466,2022-07,Shouldibuytwitter.com – A tiny takeover arbitrage model for TWTR,"shouldibuytwitter.com – a tiny takeover arbitrage model for twtr one possible scenario: he took over twitter. fire the execs. opening up all emails. you can bet at least one person out of 6000 employees disagree with how twitter counts bot number. pick that email, point out that execs discarded a concern raised by employee. change the calculation of bot number to be higher. report to sec in public earning. allude that the previous number was just plainly wrong. sue the execs for fraud... since sec accepts the new number and approach which is materially different from the old number. to be honest, just opening up all emails is already bad enough for execs.",True,
8,30032710,2022-01,Danish government makes its new economic model open source,"danish government makes its new economic model open source what are you a skeptic of, exactly? this is the model actually used by the danish ministry of finance to study the effects of various policy changes. i don't think there's any need to speculate about how much influence it will have: it apparently is already in use and guides policymaking. other advanced economies have their own similar models used for studying and making various aspects of economic policy. i think another poster has provided a link to the model used by the ny fed. at a high level, i, like you, am fairly persuaded by the hayekian point that its impossible to collect enough information or otherwise capture the necessary complexity to reliably model even a moderately complex economy with enough fidelity to allow central planning. but this is far short of that. and there does seem to be a need for general models to allow policymakers to make informed decisions. the only alternative would seem to be to make no decisions at all which a) is itself a decision and 2) does not seem to be an option that many people seriously advance. i guess your position could be that these efforts are doomed to failure--i.e., no model will provide useful results. but that position--that no model will provide any amount of useful information, even at very low levels of granularity, is a very strong position--much stronger than hayek's argument against planned economies--that i'd have to see some serious support for. and it certainly doesn't seem like a position that people should accept without a very convincing showing of its futility, given the significant costs of making policy decisions without even attempting to model them, or of making no policy interventions at all.",True,
9,39176092,2024-01,New Renderers for GTK,"new renderers for gtk game engines can afford to be generations ahead : they might even be targeting specific hardware (single console release), they typically assume a sandboxed environment that they are in total control of (at best, they'll make a limited and tightly controlled gui framework for modders), they might have restricted themselves to a limited number of inputs/outputs (single screen with a specific resolution, gamepad only), they don't have to worry about unknown unknown uses by other developers... none of these apply to a generalist renderer, therefore it can only ""lag behind"" the game ones. (unless maybe if we're talking about the ""human side of the question"" : what are the best designs, layouts for a generalist human/machine interface ? here it's the generalist guis that i would expect to be a couple of generations ahead (xerox' labs, apple's macintosh, ibm's common user access standard, cern's world wide web...)",False,
10,21995098,2020-01,How to Exit Vim,"how to exit vim i am a vim user, and if i had a group leader tell me that i had to use some different editor because we are all learning how to do this job together, and that learning how to use the editor properly was part of learning how to do the job, i would do what he says. at least for as long as he stays in the room... on the other hand, we had an architect who has since retired that said, if it was up to him, all developers across the campus would use the same programming language, editor, and configuration. thankfully it was not up to him, and we still have this lovely diversity of opinions and tools that signals it is encouraged for specializations to develop, thus making sure that we are not all replaceable cogs in an exceedingly boring machine. but the memory of this man's twisted vision remains with me, and it strikes me that the leadership still would seem to prefer if we were in fact fungible units of work-capacity, without any distinctive features or unique characteristics differentiating us from other developers. imo if you learned to ensure there was no proof of different tools, you learned an equally valuable lesson; i would mark you down for example if i opened your file and found a bunch of crlf line endings, or some other similar obvious linting violation that was prevented by an editor configuration you were supposed to have installed during the class. but if you applied enough attention to detail to make sure this was not possible, in a way you got the point (and also for the purposes of the grade, you definitely got the point!)",False,
11,25794948,2021-01,"We don't need data scientists, we need data engineers","we don't need data scientists, we need data engineers >are they, basically, software engineers who specialize in putting other peoples' models into production? it depends on the company. traditionally, yes, but deployment into production can be automated, so typically today it is something different. an mle is someone who specializes in tensorflow or pytorch. they write deep neural networks, reinforcement learning, and more. often times the data scientist will make a model, specializing in feature engineering and domain experience, and use a generic ml like a generic dnn or xgboost or whatever it may be. it then gets handed off to an mle who writes ml specific for the problem to get every last drop of accuracy out of the model. they then hand it off to prod. i don't think they're on call (i could be wrong on this.) so today they're not really deploying models much. they're more an inbetween. i work at small companies and startups so i've never worked with an mle, but i do have friends who are managers at google who told me about it, so that's where this information is coming from, telephone game. in other words, i'd take this with a grain of salt. ymmv. starting in 2018 big name companies couldn't get enough mles and they pay higher than ds', but many bootcamps and universities center around ml skills, so companies started renaming mle positions to ds positions. this way they get more applicants and they pay them lower. win-win for them. too bad it messes up the industry. today about 1 in 3 data science jobs are ml heavy. they may be mle exclusive or a hybrid wearing multiple hats light ds to light mle type jobs. you can identify which is which if they give you a white board coding problem. traditional data science work will never have a white board problem. >so thank you again for your responses, they are very helpful. you're very welcome. i hope it helps.",True,
12,28880292,2021-10,"Bitcoin: Who owns it, who mines it, who’s breaking the law","bitcoin: who owns it, who mines it, who’s breaking the law ultimately, yes. that problem is unsolvable. there will always be more of us than there is stuff to sustain us (unless you get rid of the people ;) ). our survival—and arguably, sense of meaning—is dependent on our ability to produce value for others in exchange for money. what bitcoin solves is removing the ability for that money to be manipulated. for example, in the u.s., if i'm at a bank or a large enough company, i can get 0% interest loans from the federal reserve. that would be fine if the money was backed by something, but it isn't. as the federal reserve, i can print more and more money ad infinitum and then give it away at 0% interest. this is literally money that is not backed by a commensurate amount of value (e.g., gold or some other precious asset like my time/labor). in this model, i can take resources of the table without replacing them rendering me, effectively, a parasite. the u.s. dollar (or any fiat currency) is not _real_ in the sense that it functions within a set of fixed, well-defined laws. bitcoin on the other hand functions based on the laws of mathematics and its own, publicly exposed source code (which can only be changed via majority network consensus). it has a fixed supply that is doled out on a predictable schedule in exchange for creating value (a miner processing transactions). because of this and its inherent decentralization—meaning it can't be controlled by one or a few small players—its value exists in it being incorruptible. in laymen terms, it means that what you make is _yours_ and can only be taken by force (and that's _if_ they can get access to your private keys). you can actually build savings and invest in the future. you can predictably plan for your business without having to constantly adjust for inflation. you can live without the boot of government on your chest. this, inherently, will make the world more peaceful in time. the more peace we have, the more our minds function properly (a mind in a state of fear is easily controlled and limited). the more our minds function properly, the more creative we are. the more creative we are, the more we can invent solutions to our problems, etc.",True,
13,24292052,2020-08,Differentiable Control Problems,"differentiable control problems gradient descent is already about as easy a training method as can be. just a little freshman calculus and programmers can do the ""state of the art"" optimization of modern times. it's also scalable. if your polynomial regression gets too large because of the model complexity (for comparison, typical deep networks can have millions of parameters) you can't invert your matrix and probably end up using a similar method anyway. i would have thought a computer uses tables to compute e^x. there's also piecewise linear activation functions that are trivially easy to compute gradients of. the whole ""universal approximation"" perspective is pretty vague to begin with. i'd say generally people don't understand why nn's work as well as they do. previously theorists expected they would need a lot more training data to work, given their complexity. so it's driven to a large degree by empirical success. i am certainly really interested to see people accomplishing the same things with less sophisticated methods, since there is no doubt it has been overused/hyped in some areas just to make the papers and proposals sexier.",True,
14,29247162,2021-11,Why philosophers should care about computational complexity (2011),"why philosophers should care about computational complexity (2011) > since my liking you is caused by my immediate environment, it isn't reducible to a weighted average of my history. it is not clear to me that this cannot be the case of a weighted average very heavily weighted to the immediate past. > the historical positions of all the molecules in some water aren't sufficient to determine its present state. it's state depends on its container (ie., the pressure & temp of its environment). afaik, given that you could determine the momenta of the molecules from a history of their positions, this would be sufficient to determine its state (maybe you need their angular momenta independently?) the relevant information about the container has been impressed on the motion of the molecules. similarly, we can suppose that the history of your environment becomes manifest in your mental states (and a predisposition towards certain state transitions) - though, on account of the complexity of that environment, in a compressed form. > we are more like water than a computer. a computer is a deterministic machine which is a deterministic function of its deterministic inputs. water is a chatoic system whose state ""isnt up to it"". water's state is /in/ its container, and water itself is a non-determinsitic chatoic soup. and yet we can usefully model fluid dynamics on a computer, even though the mathematical representation of the problem is analytically intractable. this line of argument does not appear to be leading in the direction you think it does. > we don't have ""neural networks"", we have cells. that some form ""networks"" has nothing to do with what we are. a complete misdirection. i am generally distrustful of these ontological arguments - quite often, it seems, things that were once thought of as being completely different turned out to be similar in some relevant way.",True,
15,26485104,2021-03,Introducing the Wikimedia Enterprise API,"introducing the wikimedia enterprise api i similarly require that producers of motion pictures say ""nosteal"" at some point in the opening credits otherwise i assume i am free to make copies of the film to share with the internet.",False,
16,41055660,2024-07,CrowdStrike CEO summoned to explain epic fail to US Homeland Security committee,"crowdstrike ceo summoned to explain epic fail to us homeland security committee ok, do you think 1000 is way too low, or way too high? e.g., how many life-threatening emergencies do you think happen per hour across the world? how much extra time did it take to reach the average injured person over the outage period? how was the base rate of iatrogenic death affected by losing access to all electronic records for inpatients? if you come up with a fermi estimate more than two orders of magnitude lower than 1,000, i will be suspicious of your assumptions.",False,
17,38090492,2023-10,Company with a 10% lifetime employee turnover shows their real secret is trust,company with a 10% lifetime employee turnover shows their real secret is trust money is the wrong excuse to do your own thing. ideally you have something you really enjoy doing or something that fascinates you endlessly then find an angle to do it for a living. it doesn't really matter if you succeed. if your thing is [say] fitness and you get to fool around in your own gym for a few years you've done well. you wanted to dj and started your own club. you enjoy bowling and got to own your own bowling alley - for a while. go do those things you wanted to do when you had all that money?,False,
18,33413629,2022-10,US Supreme Court to weigh end to race-based college admissions,"us supreme court to weigh end to race-based college admissions so i'd consider that part of the system. you could also train your model to debias by using a cost function that incorporates race and minimizes the kl divergence between different ethnicities. (obviously it would be best to use interpretable models and/or causal ones) a mahalanobis distance might also be good here. but when training your model you might want to pca it and if race isn't an included factor then you can't see if it is a main contributing component or not. you should be training your model such that the racial variable contributes near nothing to the model's outcome (easier said than done). > in this example, i'd wonder why zip code is even an input. the school you go to is strongly correlated with zip code. so... if any of your schools are considered on your college app (hint: they are) then you have extracted the zip code (which again, points back to red lining[0]). in the crime example, the zip code is going to also correlate with the frequency and type of crime as crime (especially when broken down into types of crime) is not homogeneously distributed across a country/state/city (to be honest, not even a zip code! but the more you zoom in the more accurate you get. aggregation bias is a pain). this stuff is a pet peeve of mine. our tiny human brains weren't designed to figure out how all these things are connected. that's why we use data science and statistics. it is why data science and statistics is so fucking hard too! even more so when you get into causal statistics. contributions may frequently be obvious post hoc, but they rarely are a priori (which is why ""novelty"" is so absurd). the world is extremely complex and we have long chains of causality that we have to work with. the problem here is our brains are designed to simplify things. to take first or second order approximations. the problem with this is that these approximations are not sufficient for navigating the major issues we face in the modern world. these low order approximations often lead us in the wrong direction rather than being a small step in the right direction. if you're taking a gradient descent in a complex feature space (thousands of features/dimensions) then approximating it in 2d will get you nowhere near an equilibria. there's probably dozens, or hundreds, of features that are highly significant. all before we get into the mess of coupling and confounders. this is a problem because: 1) we fight over things we're not even qualified to have an opinion on; 2) the actions we take are frequently determined by popularity with a hint of analysis and the popularity is determined by low order modeling; 3) because we have a limited view of our actions we can easily convince ourselves that low order approximations are good because they work locally (spacial and temporal) but not over the global solution space (humans are notoriously terrible at long term thinking/planning and this too is highly correlated with income levels/life stability). our modern world is highly dependent upon specialization but we have a culture that tries to convince us that expertise in an extremely narrow domain generalizes really well. it doesn't and that is destroying us. this isn't just a ""you"" problem, so you're not being targeted. these issues are highly common on hn and anywhere nerds congregate because that cultural pressure convinced us that our self-worth is dependent upon the generalization of our knowledge. einstein nor feynman said you don't understand something unless you can explain it to a simpleton/your grandma/a child. most stuff you can't because domain expertise is required for even basic understanding. so i'm trying to put social pressure to solve this problem and i hope others will join. tldr: the world is fucking complex, treat it that way [0] one of the major issues with red lining (there are a lot) is that where you live determines the quality of education you get. school funding is often related to housing taxes. cheaper houses? less funding. less funding? lower education. lower education? increased difficulty in climbing the socioeconomic ladder. which correlates with crime rates. which correlates with a lot of things. these downstream effects aren't actually dependent upon race but if you correlate an upstream effect with race then the downstream ones do too.",True,
19,27970088,2021-07,"For developers, Safari is crap and outdated","for developers, safari is crap and outdated installing an app gives you a chance to consider the option first, with websites you are required to download and install it to take a look and see what is it all about. on the other hand i wouldn't have a problem with the model where pwa's notifications and other functionalities are limited to apps added to the home screen and the options to manage those is exactly the same with native apps. i don't advocate that all apps must go through the app store.",True,
20,37245614,2023-08,HashiCorp switching to BSL shows a need for open charter companies,"hashicorp switching to bsl shows a need for open charter companies companies rarely switch from bsd to a commercial license - they are moving from a highly commercially restrictive license like (a)gplv3 to something even stronger. these are typically very unbalanced relationships between the project ""owner"" and any contributors - the ""owner"" may require clas and copyright assignment, and reserve the sole right to relicense the code under any license they see fit - but for these sorts of more restrictive relicensing exercises and for an exclusive rights to sell under non-open/copyleft ""commercially friendly"" licensing. the anger and frustration usually come from thinking that even though the relationship was unbalanced, there was an understanding and social contract where both a community member and the commercial enterprise got value. the relicensing is unbalanced - it removes value from the community member without providing any new benefit. sure, they can quit the community, but that also removes the sources of their value. in the most extreme cases, there have been successful attempts to create entirely new communities (strangely these are predominantly around oracle-owned projects like mysql, hudson, openoffice). there is interest in creating a community redhat-like distribution in the face of rhel changes, and the hashicorp change has prompted some to consider new efforts like opentf. to your question, bsl provides additional legal ammo and changes some contributors to competitors, so it is indeed quite different than if the company going out of business.",False,
21,29392999,2021-11,Hubris – A small operating system for deeply-embedded computer systems,"hubris – a small operating system for deeply-embedded computer systems > hubris does support shared memory via leases, but i'm not sure how it manages to map them into the very limited 8 cortex-m mpu regions. what i did in a similar kernel was dynamically map them from a larger table on faults, sort of like you would with a soft fill tlb. when you turn off the mpu in supervisor mode you get a sane 'map everything' mapping, leaving all 8 entries to user code. the way ldm/stm restart after faults is amenable to this model on the m series cores.",True,
22,33161986,2022-10,Do central banks’ mounting losses actually matter?,"do central banks’ mounting losses actually matter? i don't see the climate analogy. people live their plight. on a day to day basic they know where they stand. they have been watching costs rise and incomes not keeping pace. this is situation decades old but only breaking the narrative surface lately. they're reminded of the power of the fed. true, they might get the exact details wrong, but they have a solid enough grip on who. they also see others (i.e., 1%) doing better and better. ""i'm struggling to pay my bills"" is all they need to understand. because the people don't understand the nitty gritty doesn't make the fed any less accountable.",False,
23,34906705,2023-02,Difficult to impossible travel across wide swaths of the U.S.,difficult to impossible travel across wide swaths of the u.s. big thumbs up to noaa's weather page. i've used it for years. the hour by hour weather report has the exact detail one needs before venturing out. i dont leave home without opening this bookmark. https://forecast.weather.gov/mapclick.php?lat=40.0891&lon=-8... (needs to be set to your zip),False,
24,27324087,2021-05,Making the hard problem of consciousness easier,"making the hard problem of consciousness easier is it hard though? or is the hard part ethics i.e. personhood, and because the terms are conflated that makes consciousness hard, since it means you cannot accept what consciousness is without needing to also define ethics. drop the idea that consciousness is sufficient or required for personhood in favor for something more behaviourally consistent like cuteness or power, and things become clearer. there is a part of you which simulates social interaction by learning models of various other agents it has inferred the existence of. as can be expected from something which is looking for agents based on indirect clues, we know this part does struggle with accidentally assigning agency to things which clearly lack consciousness i.e that damned sharp rock you stepped on twice. this part of you is capable of simulating a finite number of simultaneous such agents at a time, meaning it will focus on, as a whole, being able to predict the actions of the agents most often observed. it is also why we would expect it to replace groups of people you only interact with as a group as a ""them"". it is also very common that the most significant agent to simulate would be you. hence one of the models being simulated is you. this is what generates the perception of consciousness, why it is you yet separate. it predicts the cognitive bias of the mind body duality, yet maintains the perception of consciousness. a part of you is constantly trying to explain your own actions, but critically, while we would expect it to be good at providing a socially acceptable explanation, we do not expect it to be all that good at predicting what you will actually do, or even explaining why you did something. see split brain examples, https://www.youtube.com/watch?v=wfybgdo8e-8&ab_channel=cgpgr... . it also makes the prediction that it should be possible to damage this part of the brain and lose the sensation of consciousness yet retain primary function as a human. which raises no ethical problems as the person still remains cute. further, when predicting/explaining the actions of the modelled this social simulator is fairly robust, but it can have chaotic points, i.e. points where imperceptibly tiny differences in the inputs result in drastically different outcomes, specifically, the model/language has a name for these. when the social simulator concludes that such a point exists, we call these points choices, we do so regardless of our awareness that the agent is a machine or not, as in deep blue chose to move his knight instead of the queen, or you chose to accept/disbelieve this. specifically we call these points choices, or once made decisions, when the model expects its there. this is the reason why one person will call what they did a choice others may or may not. it is why one person can know that person x will do y and be right, while person x thinks they are choosing between y,z and chose y. you may not be the best predictor of your own actions, and if you have/had kids you know this. in our case, the social simulator is strongly connected to language, and it will use language to perform simulations, providing predictions and explanations, and social manipulations. however, our ability to simulate the actions of animals shows that consciousness is not limited by language. remember whenever we reason using language, we generally get far worse results compared to when we do not restrict ourselves to reason using language. if you have ever experienced the zone when programming or doing math, or anything really, then you know the deeply disturbing feeling of the social simulator suddenly starting to chatter and try to weigh in to problems it has jack shit ability in and in practice going from smart and non conscious/ego dissolution (mostly ignoring the output of the social simulator/putting it in a sleep mode if you will) to conscious and retarded. programming and math highlights this, because you cant argue with a compiler. this model of consciousness and free will isn't perfect by any means, but its the best one i know, mostly because it does not try to add magic into things while explaining the perceptions of it, and most of the contradictions between perception and physical reality as we know it. it predicts the cognitive bias towards mind body duality, and the cognitive bias towards free will. we needed words to communicate these. it resolves the paradoxes around free will in their entirety, while predicting the perception of free will, notably including the ""thinking i will do x"" then doing y problem. it predicts that it might be the case that we have ""decided"" on something before we are consciously aware of the decision, consciousness only being a weak input to choices, not the decision maker after all. and as if another's model of you does not put you in a chaotic point, then that does not mean your model of you, i.e. your consciousness wasn't. it predicts that we would be constantly simulating ourselves, yet can be surprisingly bad at predicting our own actions, and even worse that trying to subvocally reason yourself into changing behaviour by thinking "" i will do this instead"" would be utterly useless. the social simulator is expected to provide the outcome of actions in social context, decisions are then taken based on them. but when you are having hypothetical discussions that does not make a prediction it will use, that's just practice. meaning, if you want to convince yourself not to have another slice of pizza, thinking i chose to be on a diet is useless, but imagining meeting a nice girl flirting then looking disgusted at your waistline might be strong enough to want to hurl. in short it predicts how to strengthen the influence of what you perceive as conscious will. it makes it possible that the output from the social simulator could be severed and that we could create people who live in the zone, while being socially oblivious. (not autism) it predicts that if you want to build a consciousness from scratch what you need is a system designed to infer the existence of and predict the interactions with other agents and having a very limited output bandwidth and whose input is direct environment observation and time delayed/ no feedback on the agents internal state. trained on the feedback signal of some other system/agent using its predictions to optimize some score in an environment with multiple agents not all of whom are interacting. the consciousness so made wont feel like a person deserving of rights, but that isn't necessary, as we didnt tie ethical personhood to consciousness.",True,
25,30502129,2022-02,Germany aims to get 100% of energy from renewable sources by 2035,"germany aims to get 100% of energy from renewable sources by 2035 even with less regulation, the problem is that it takes a huge amount of capital, and you need a decade or more to get return on your investment. so it is really not that interesting for a private investor.",False,
26,28225048,2021-08,T-Mobile: Breach Exposed SSN/DOB of 40M+ People,"t-mobile: breach exposed ssn/dob of 40m+ people > voting is not a constitutional right. yes it is. > voting rights act is statutory like most of our laws. constitutional rights are often enforced by legislation; amendments articulating rights often explicitly authorize this. see, with regard to voting rights, the 15th, 19th, and 26th amendments. (edit: also, the 14th amendment [see sec. 2 and 5], and, as noted in a sibling comment, the 24th amendment. also the 17th amendment, though that doesn’t have a congressional enforcement clause. voting rights are the single most common subject of constitutional amendments.)",False,
27,33755011,2022-11,No to Spy Pixels,"no to spy pixels standard email marketing best practice is to use this to see if the recipient is opening emails. if the recipient doesn’t, the sender should auto unsubscribe the recipient. blocking tracking pixels means that the “good” email marketers will keep emailing until a manual unsubscribe event happen.",False,
28,31428164,2022-05,"Why Google is so unbearable, and how to fix it","why google is so unbearable, and how to fix it refreshing layout! those apps are time saver as i don't have to search across different sources by opening up multiple tabs for every query.",False,
29,37786399,2023-10,Where does my computer get the time from?,"where does my computer get the time from? i don't feel entitled to anything, it was just a suggestion for how they can communicate better, which they ostensibly want. i constantly get lauded for good presentations, and see others do them with unforced errors, so i thought i'd do my part to level the playing field. ironically enough, aren't you doing the same thing now, berating me for giving free information the wrong way ? how about just learning from the advice and moving on?",False,
30,24333354,2020-08,Waiting for Gödel (2016),"waiting for gödel (2016) > question: can a sentence be provably true in one arithmetic system but not another? the answer is yes! zfc |- ac but zf |/- ac and both zfc and zf can encode arithmetic. but there's an issue here: no-one really talks about the ""truth"" of the axiom of choice as though it's a concrete thing: it's a very controversial axiom, and although most mathematicians accept it, quite a few don't. constructivist mathematicians don't accept it, and it's provably equivalent to the law of the excluded middle, so it can't be used in intuitionistic logics. now you might counter and say that ac isn't the gödel sentence for zfc, and the gödel sentence for pa is true in the intended model. but that's a different matter from whether it's provable from an axiomatic foundation. the reason i think this matters is because mathematicians work with proofs! most mathematicians aren't working in foundations, and rely on proofs to the extent that they don't even consider the truth of statements which cannot be proven. > if so that means there are provably true sentences which exist, but not provably true with the axioms that i have at my disposal right now? the issue is that provability is completely contingent on the set of axioms you use: provability isn't a universal notion. of course if you add something which is unprovable (such as the gödel sentence) to pa, you get a new system which can prove more things: but this system has its own unprovable gödel sentence. i'd also question what you mean by ""provably true"": a sentence is provable from a theory when there exists a derivation in some proof calculus of the sentence starting from the axioms of the theory. ""true"" is much harder to pin down, and we wouldn't usually say ""provably true"". ""true"" can mean ""true in the intended model"", ""true in all models"", or even just ""provable from a set of axioms"". the gödel sentence is ""true but unprovable"" only in the sense that it is true in the intended model: it is not a tautology. i think most people who have had a brief exposure to mathematics would consider ""true in all models"" (i.e. tautological truth) to be what is meant by ""true"", so i don't like it being used to mean ""true in the intended model"" without qualification.",True,
31,36144494,2023-05,Tell HN: YouTube download websites disappearing from Google search results,"tell hn: youtube download websites disappearing from google search results i think your doomsaying is a bit premature. as long as companies want us to be able to see their content, there will be ways to extract it without the drm gunk. from a security / threat model analysis perspective, drm can never be 100% secure. and remember, for drm to work, all these products have to be perfect 100% of the time. someone trying to break drm only needs to be lucky once. the idea of all software and hardware reaching some sort of perfect level of security is pretty laughable. from the hardware side, tools get cheaper and cheaper every year. even today it's a lot more feasible for a motivated group to do things like decapping chips and scanning them to extract keys. this sort of thing will only get cheaper and more accessible over time. maybe manufacturers will have to start putting hsms into their products that self-destruct when they detect tampering to try to combat this?",True,
32,25994160,2021-02,Show HN: Deploy ML Models on a Budget,"show hn: deploy ml models on a budget a cost effective way of deploying models on aws is to use 'zappa' (autotemplating for lambda + api gateway). this just works, and costs my team less for a year than one week of sagemaker or kubernetes architectures. https://www.corbettanalytics.com/deploy-machine-learning-mod...",True,
33,35370627,2023-03,Universal Speech Model,"universal speech model if cost isn’t an issue, i’d use one of the established commercial offerings. otherwise, you could try splitting into shorter chunks (20 minutes maybe?), do multiple runs on each chunk and pick out the best run according to some criteria, e.g. character count after removing repetitions. whisper isn’t deterministic so some runs can be better than others; you could also tweak parameters like compression ratio or silence thresholds between runs, but in my experience there’s not going to be an obvious winner leading to a marked improvement in quality. anyway, i’m no expert, and maybe you’ll have better luck than me. my recordings do have background music and conversations in some places that might confuse the model.",True,
34,35158834,2023-03,"Repeat yourself, do more than one thing, and rewrite everything (2018)","repeat yourself, do more than one thing, and rewrite everything (2018) i don't think it's quite the same though... or at least i can make an argument for learning about ways not to do programming tasks because it generalizes. there are patterns between ways not to do programming related things, e.g. use the single responsibility principle, use pure functions. there are also so many ways to accomplish programming tasks, it's useful to be able to filter down that multitude of ways or notice ""this stack overflow post has 5 bad patterns, maybe i shouldn't use it"".",False,
35,34905331,2023-02,Mercedes-Benz previews its operating system MB.OS,"mercedes-benz previews its operating system mb.os i just found this presentation with technical details: https://group.mercedes-benz.com/dokumente/investoren/praesen... i guess it is not a typical os, but more like a collection of tools that build on already existing oss. this is comparable to ros (robotic operating system), which are just some programs, middleware, services and conventions to build software for robots on linux. it seems like this should integrate and abstract different ""os"" (linux, qnx, autosar) and run on very different platforms (high power application processor for infotaiment, microcontrollers) (slide 13). these are widely different systems: 1. linux needs a memory managing unit (mmu), which only comes with high(ish) powered application processors, e.g. arm cortex-a9. these are obviously not hard-realtime because a page fault can occur non-deterministically (except when you can lock everything to ram). this might be used for infotaiment. 2. (classic) autosar is used without a operating system on a microcontroller like the arm cortex-m or a automotive mcu like the infinion tricore, which can run two cores in lockstep to verify each computation. autosar is kind of the operating system and you buy an ""adaption""/hal of autosar to the each mcu from a vendor. this is widely used in many ecus for hard real-time control, e.g. to control something in the engine, and other stuff like the electric windows. autosar is a huge pain in the ass to develop for. you usually configure ""it"", which takes a lot of time. then a software generates a huge amount of code. the software is from another vendor, e.g. vector or elektrobit. the developer fills out the function stubs implementing the actual function. alternatively, you can generate the code from matlab/simulink models with a code generator from yet another vendor (model-based-development). the upside of this, that the hal and code generators are certified and everything is somehow standardized. the downside is that normal developers want to kill themself, you learn no transferable skills, and the huge amount of generated boilerplate code, that is hard to read. 3. there is also a newer adaptive autosar, which can run on linux or qnx. i guess (page 8) they want to use it for infotaiment (point 1), interior control (lights, climate control; probably point 2), automated driving and ""central driving"" (point 1, point 2). i am not sure if this includes typical fast hard-real-time tasks like engine control or chassis control (=vehicle dynamics control). i am not sure if really want to abstract it all or just extend the ""os"" (linux, qnx, autosar) with libraries and components, mostly in user space. if you look at slide 13, you might guess that they will adapt linux and qnx to run their ui mbux (in qt). they extend it with services that communicate with ecus in the car and their servies in the internet. moreover, they allow to install sandboxed apps from mercedes, android auto (e.g. spotify) on top of it. they also come with an app store: https://faurecia-aptoide.com/ the real-time ecus in the car running autosar will just get additional components to easily communicate with other mb.os parts and support some newer features like ota update. i have not seen any details how this relates to adas functions. these are typically (partially) run on a compute node made by an automotive supplier with a hardware accelerator from nvidia, e.g. zf proai ( https://www.zf.com/products/en/cars/products_64166.html ) or from valeo ( https://www.valeo.com/en/domain-controller/ ).",True,
36,42003642,2024-10,Cerebras Trains Llama Models to Leap over GPUs,"cerebras trains llama models to leap over gpus cerebras had less chip perimeter to hook up external memory i/o and is memory capacity limited with just sram. sram circuit size hasn't been scaling nearly as well as logic on recent nodes, but if scaling there had continued to from when cerebras started it may have worked out better. they'll probably still have to do advanced packaging putting hbm on top to save things. they could maybe enable some cool real time inference stuff like vr sora, but that doesn't seem like much of a product market for the cost yet. maybe something heavy on inference iteration like an o1 style model that trades training time for more inference, used to process earnings reports the fastest or something zero sum latency war like that will be a viable market. a real time use case that may be viable with cerebras first could be with flexible robotics in ad hoc latency sensitive environments, maybe warfare. if models keep lasting ~year timescales could we ever see people going with rom chips for the weights instead of memory? has density and speed kept up there? lots of stuff uses identical elements to help make the masks more cheaply, so i don't think you could use something like euv for rom where every few um^2 of die is distinct.",True,
37,32945477,2022-09,Censorship by big tech at the behest of the U.S. government?,"censorship by big tech at the behest of the u.s. government? yes, you are noble and altruistic and people who disagree with you are stupid and evil. come on. downplaying, denial, misinformation, exaggeration, victim complexes, persecution complexes, every stop was pulled out, every tactic was tried. like when ron desantis was called a murderer for opening florida's beaches (when it was well established that outside activities were extremely safe), or when parents advocating for schools to open were called white supremacists (when the predictable result of closing schools was that poor and minority students suffered most)? the scariest thing i learned during the last two years is how many people are willing to throw me, you, and everyone (including themselves!) under the bus in order to avoid even mild, temporary inconvenience meanwhile, i learned how many people are willing to have governments literally lock everyone in their homes because of their inability to do any sort of rational risk assessment or cost-benefit analysis.",False,
38,38562337,2023-12,Ask HN: Books you read in 2023 and recommend for 2024?,"ask hn: books you read in 2023 and recommend for 2024? fiction: ""yumi and the nightmare painter"" and ""tress of the emerald sea"" - two of brandon sanderson's ""secret projects"" that he released this year and easily my favorites of the bunch. tress is just such a fun adventure and yumi left me an emotional wreck by the end. ""there is no antimemetics division"" - i had a brief period where i wanted to read some stories about clandestine operations around odd anomalies, scp-adjacent if you will. this, alongside ""agents of dreamland"", is rather short and great for getting through in a couple sittings. it's all about taking on an entity that you actively can't remember the existence of. non-fiction: ""letters to a young poet"" - this is a collection of ten letters sent from the poet rainer maria rilke to a younger aspiring poet in the early 1900s. as a creative that sometimes struggles with the whole ""what am i doing this for?"", i found this a highly inspiring and comforting read. ""on writing"" - i'm sure most of you know the book, or at the least know stephen king. the info in here on writing (at least in the style of king) is fantastic, but i think the memoir portions are the killer part of this book. the man certainly has a storied past, for better or worse.",False,
39,37334270,2023-08,ISPs should not police online speech no matter how awful it is,"isps should not police online speech no matter how awful it is i dont care what it is protected as, i am telling you what automatically happens once you try to poke holes into it. it shouldnt be a surprise to anyone with a functioning relationship to reality. picture it as a shared communication bus everyone uses for navigation where somebody added a hidden packet drop you cant compensate for or detect. if you try to use that thing you are going to crash. because you have no ability to determine how much gets dropped. and how much bullshit cant be challenged anymore. thats the line in the sand for cascading failure. it cant work. those blind spots cant be detected, managed or compensated for. they are like a metastasizing cancer. that blind spot is at the core of totalitarian regimes. group think sets in and suddenly your farmers are told to plant the crops closer together to utilize the proletarian solidarity between the plants. anyone who doesnt gets gulaged and the rest starves. its worth mentioning that my local constitution has a clause that simplified means anyone trying to get the society to e) can be shot by anyone. how ever much of a paper tiger this is, having had two murderous totalitarian regimes in the last 100 years its generally considered a good idea and the way back out. that you have to rely on a extremely thin argument like it probably being necessary to uphold the rule of law should have you reflect. you are arguing with an abstract model of what ought to happen according to your favorite ought-to-be model while i am telling you what will happen if you dont prevent it. we have seen it times and times again, if you dont try something different the results will replicate. acting in denial of reality is totalitarian. thats how we got all those mass graves. they werent created by evil caricatures but stupid people caught up in a drunk fever and zugzwang with disabled breaks.",True,
40,37338045,2023-08,Ask HN: Why did Python win?,"ask hn: why did python win? definitely a jack of all trades language. and when you get older, and you care more about solving problems than about trying new things, and you've got more responsibilities in life and lack the time to devote to learning new language / technology du jour, then knowing and using python becomes so handy. if it is indeed the 2nd best language for the job, it is still a decent choice if you get to solve the problem.",False,
41,32408566,2022-08,Don’t call it a comeback: Java is still champ,"don’t call it a comeback: java is still champ > sorry, but the popularity of tools which generate boilerplate for you is, in my opinion, one of the biggest indictments of the whole ecosystem. i couldn't disagree more. i can understand disliking the fact that we need getters/setters in the first place, or perhaps dynamic things like annotations which aren't ""normal"" code, but static code generation is something that the industry absolutely should embrace. model driven development should be more common. for example, if you can just draw a few er diagrams and have mysql workbench forward engineer sql migrations for you to check them over (especially if you need to change 20 tables), why shouldn't you take advantage of that? having a model of your schema that you can generate from the live schema and then transform it into either a set of fresh migrations or just a delta for bringing an older schema version up to date. i've actually used these two approaches to save bunches of time for personal projects in the past, even though i took the sql output and put it into dbmate migration tool. reverse engineer: https://dev.mysql.com/doc/workbench/en/wb-reverse-engineer-create-script.html forward engineer: https://dev.mysql.com/doc/workbench/en/wb-forward-engineering-sql-scripts.html but databases are just one example. remember soap? despite being hard to use, one of the best points of soap was wsdl - web services definition language files which allowed you to have a fully functional description of a particular api contained in a single file. back when rest started replacing it, there was also wadl, but that didn't really go anywhere. the claim that web service endpoints (rest or otherwise) should be largely dynamic/schemaless is basically a lie, because in most languages you'll indeed want to work with particular fields for the objects that you expect to be returned, or domain classes that shouldn't be that different in practice from what you expect. the beauty of wsdl was that you could get the file from a live version of an api, feed it into something like soapui and get a fully working api client, upon which you could build a test suite. or even better, generate client code for your language of choice, so instead of making http calls and wondering about how to initialize the client, you could start using library code much sooner, with parameters and methods already created for you. some time later, openapi came along, but the wisdom of soap was basically lost, since it took a while for projects like openapi generator to pop up and even now the approach of generating client (or even server!) code based on some specification seems to be utterly lost on the industry. wsdl: https://en.wikipedia.org/wiki/web_services_description_language wadl: https://en.wikipedia.org/wiki/web_application_description_language soapui: https://www.soapui.org/ openapi: https://en.wikipedia.org/wiki/openapi_specification openapi generator: https://openapi-generator.tech/ want more examples? what about database schemas and mapping them to your orm/other persistence layer solution? i think if you're writing your own model code, you're doing something wrong, regardless of the language that you use. you'll probably mess up or miss relation mapping with something like hibernate, will miss out on some comments for autocomplete in laravel and just generally will have an inconsistent persistence layer that will make you waste time. in most cases, starting with the schema first and using one of the available generation solutions to fill in the application side of the persistence layer seems like the only sane options. sure, some might prefer to handle migrations in the app side, like ruby's active record migrations, or something like liquibase, which are also passable approaches, as long as you don't create a bad schema just so it fits your application. java jpa entity generator example: https://github.com/smartnews/jpa-entity-generator java generator to get ddl from jpa: https://github.com/devskiller/jpa2ddl php (laravel) generator to get models from schema: https://github.com/krlove/eloquent-model-generator ruby active record migrations: https://guides.rubyonrails.org/active_record_migrations.html in most cases, when you integrate two systems, apis or just bits of code, one side should be the source of truth and the other should match it as closely as possible (problems with data types aside). somehow the industry doesn't really know how to do this well, though thankfully projects like grpc prove that it's perfectly doable in a modern setting. when this isn't done, you end up with either technologies that are a bit too green to be used successfully (e.g. picking graphql to supposedly deal with dynamic data and then being a month late with actually shipping), or having to waste your own time writing ""boilerplate"" that you will actually need, because although it could and should be generated, it is actually needed (to query that api, access that database, migrate that schema). i do agree in regards to the pointless spring xml boilerplate, which is indeed useless.",True,
42,22716079,2020-03,Ask HN: Books giving practical advice on starting a solo SaaS business?,"ask hn: books giving practical advice on starting a solo saas business? personally, i struggle finding decent advice by reading such books. what i do instead, is i am building my own product. this surfaced quite a few personal limitations - one being focus. there is no amount of times one can read deep work to cover for that moment when things click in your head. by all means read books but practical experience is what wins for me.",False,
43,30117858,2022-01,Bridge collapse in Pittsburgh’s Frick Park,bridge collapse in pittsburgh’s frick park what was the limit when the bridge was new?,False,
44,26241653,2021-02,Fructose reprogrammes glutamine-dependent oxidative metabolism to support LPS,"fructose reprogrammes glutamine-dependent oxidative metabolism to support lps i suppose that depends on what you believe the point is. the opening assertion was that high-fructose corn syrup is a misnomer. this not a historically accurate statement. disregarding any erroneous conflation of high-fructose corn syrup with corn syrup (of the only type that existed prior to the invention of what is termed high-fructose corn syrup), high-fructose corn syrup is most assuredly ""high"" in that it contains a ""high"" percentage of fructose (40-90%) in comparison with the previously existing corn syrup which contain 0% fructose. it is spurious to hold to a vague definition of ""high"" that can only apply to concentrations somewhere in excess of 90%, lest we find ourselves unable to refer to water containing 0.5% lead by weight as having ""high"" levels of lead. that said, i concur with the assertion that significant consumption of fructose in any of the commonly available forms, including as a component of sucrose, that do not substantially moderate the rate of its absorption (e.g. such as a dietary fiber-based structural matrix) carry an associated negative health risk. it is accurate to say that sucrose becomes the equivalent of ""hfcs-50"" upon contact with the enzymes which line the inside of the small intestine.",False,
45,23953227,2020-07,Datahike: Durable Datalog database powered by an efficient Datalog query engine,"datahike: durable datalog database powered by an efficient datalog query engine interesting, honestly speaking we have not thought about time series data a lot yet, but i think we should be able to provide custom indices and extend datalog with more efficient query primitives, if this is necessary. can you elaborate a bit? i have used hdf5 binary blobs for tensors of experimental recordings (parameter evolution in spiking neural networks) in datomic a few years ago and it is definitely possible to integrate external index data structures, but eventually the query engine will need to be aware of how to join them efficiently. w.r.t. security, our current approach is to shard access rights and encryption on a database level and just provide many databases, one for each user. this is obviously not the most space efficient, but the most general approach. if users can share access keys and data we can also do structural sharing between these instances and factorize further. we envision doing joins potentially over dozens of distributed datahike instances in a global address space during single queries. since the indices are amortized data structures it does not make too much sense to encrypt chunks of them for different users as this defeats the optimality guarantees of b+-trees, i.e. you could have very bad scan behaviour over huge ranges of encrypted datoms. how have you tried to partition the data? this is an interesting problem. we can also expose the datahike-server query endpoint directly and you can write static checks for access right restrictions. we only do this so far to limit the usage of builtin functions to safe ones, but you could also go ahead and do the same for more complex access controls. some work in this direction for datahike has also been done here: https://github.com/theronic/eacl doing this openly on the internet will also require a resource model to fend of denial of service attacks, fortunately datalog engines can have powerful query planners and we can restrict our runtime to limited budgets as well.",True,
46,32583458,2022-08,Biden cancels $10k in student loan debts,"biden cancels $10k in student loan debts > so, the government got involved in student loans, encouraged people who should have entered trades to get irrelevant degrees, significantly inflated the cost of tuition, and is now not only rewarding poor decisions and debt, but is making others pay for it? if 10,000 people pay $1 each, none of them have any problems. if one person pays $10,000, it's a big problem, and possibly even life-ruining or inaccessible. ""making others pay for it"" is a skewed perspective on what's really happening when taxes pay for public services, or services that should be public. speaking of ""should be public"" -- who are you to decide whether other people ""should have entered trades"" instead of attending university? many people don't attend higher education because they can't afford it, and you're basically saying that means they just should go straight to work and shouldn't even try to get an education? > and who making $125k needs a $10k discount on their loans!? a friend intentionally stopped paying his a while back in anticipation. what a joke. if your friend was affording his payments, then it sounds like your friend is a selfish dick. to answer your question: many people. i'm not at $125k, but i left college with $60k in debt, and i didn't even attend the top tier of costly schools, and i had grants to lower that amount. i'm making $80k now, and if you compare those numbers, it might seem like that's no big deal -- 80 > 60 after all, right? but then you subtract income taxes, and my disposable income is actually closer to $52k. then you subtract my expenses which are more important than paying off student loan debt -- food, water, electricity, phone bill, mortgage, and internet (which i need for my job at least) -- and account for interest accrual... i'm 7 years out of college and i'll be paying those loans for at least another decade or two. so the answer is ""probably quite a few people"", especially when you consider the correlation between better university education (i.e. more expensive) and higher-paying jobs.",False,
47,24680391,2020-10,Reddit’s About page doesn't include Aaron Swartz as a founder,"reddit’s about page doesn't include aaron swartz as a founder jess indeed said that, but also quite a few people pretty much lauded that labour was so omnipresent on social media and that the response from the users was so overwhelmingly positive not realizing that twitter and facebook showing them what they want to see (and in some cases if the leaks to be believed factions in their own party targeted party politicians with their own ads). targeted ads and bespoke feed algorithms are bad enough, but when you combine it with political campaigns it's just a recipe for disaster. and this isn't a problem that is easy to solve and honestly i don't know how and if it can be solved. targeted ads are arguably the easy one but even then how you define targeting, as well as what is clearly a political ad (e.g. a corporation making an ad that exploits a given event such as blm, ow or anything remotely political), the feed is oh boy... people want their feeds curated for them, at this point these platforms know their users better than the users know themselves they know what content keeps them engaged and what drives them away and that's the problem. the content that may be relevant for a given user isn't necessarily a content that would have a positive effect on that user and ""what is good for x"" is the tricky part because it's inherently political and manipulative and any way you look at it it is social engineering. i don't know what you can do and if you can put the genie back into the bottle if 10 years ago someone told me that social media could escalate civil war and genocide i would looked at them weirdly at this point i'm honestly not going to discount the possibility of some sort of butlerian jihad against social media in a decade or two. silicon valley (et al.) is now trading in humans, at its core it's essentially a slave market in which companies sell your attention and most importantly your moldable perception of reality to the highest bidder. and at least i personally don't see a way out of it, regulating it to death might be worse since it would grant political institutions control over the same shit that is happening right now and for the most part i rather coca cola and nike molding my beliefs than any given political party and i don't care if their values align with mine or not, at this point i see nice obedient corporate drones being the lesser evil in all this. any business model that with outlaw the current practices likely won't be sustainable and would be near impossible to enforce, these companies are worth billions because they give anyone with a credit card and and idea the ability to shift what some people think and this isn't going to go away. shutting down completely well, i don't use social media other than reddit (and i rotate my reddit accounts) and hn, i don't have facebook and i don't have a twitter account (i read tweets that are linked but don't log-in), nearly everyone around me uses 3-5 social media platforms daily. social media run amok combined with the overgrowing distrust and disillusion in democracy in the west really scares the shit out of me, especially in the us i really cannot rule out major civil disorder to a borderline civil war in some areas, and tbh europe isn't much better it's just not as well armed. civil wars don't have to be fought with guns and tanks to be deadly nations can be brought to a halt with enough small scale violence too (just look at france for example).",True,
48,39184566,2024-01,Helios: A distribution of Illumos powering the Oxide Rack,"helios: a distribution of illumos powering the oxide rack > everyone is capable of learning. i can hire someone who is capable of learning japanese. they can then try to teach the rest of the team japanese. does that mean it's a good idea to switch all our internal docs to japanese? the difference between japanese and english is much, much bigger than the difference between one unix os and one unix-like os. this is a remarkably disingenuous argument. if you really don't understand the difference in scope, there's no point in discussing anything with you because you've managed to disprove your opening sentence with yourself as the counterexample.",False,
49,22627969,2020-03,Ask HN: Why don't employers post an applicant-to-job ratio?,"ask hn: why don't employers post an applicant-to-job ratio? but stats like that also can signal being over-selective. i would gently suggest that it is a mistake to think in terms of unqualified vs highly-qualified candidates and ml for ""callback probability"". i don't want a good, but not fang-level, candidate to not apply for our standard software engineer opening just because 74 people already did. why? we had 60+ candidates for a recent posting for a junior developer role with some experience - think 1-2 years or some good school projects. somewhere around 45-50 of those applicants were easily hard-flagged don't interview at all after a quick cover-letter and resume review by a technical person using a rubric. that rubric was scoped only to weed out applicants with absolutely no meaningful experience. while i also hate the laundry-list approach for job listings (must have: expert java and c#, spring orm and activerecord skills with deep understanding of react internals), i think the best way to attack that is with a short, but focused cover letter. that should include a short paragraph or two about a candidate's hands-on experience and speculate how their experience might apply to the position. i guess what i am driving at is that this idea of ml assigning importance weights to ""soft"" vs ""hard"" requirements is, at best, just another low-value signal in job postings that are already full of low-value signal.",True,
50,25298127,2020-12,State of Common Lisp Survey 2020,"state of common lisp survey 2020 > i'm explaining why lisp is hard to learn. it is not hard to learn in general, there are too many counterexamples of people of all sorts and skills learning it without these issues you are having, learning it as their first, learning it later in their careers... (cl is big , i'll give you that, but each piece can be chewed one at a time and does not seem to be individually that difficult.) so i can hypothesize why it's hard to learn for you . my first guess is still that you aren't meeting lisp in its own terms and are trying to make lisp fit your mental model of some other language and its ecosystem. this isn't going to work, and the failure mode (if i'm right) has nothing to do with lisp but with biases in general heuristics of learning. you don't need to ""unlearn"" the way you're used to doing things, but you do need to separate yourself from it for a bit until you actually grasp the lisp (and its ecosystem's) way(s) and can then see the connections, tenuous and non-existent as some may be. i'll risk raising some of those connections below, but really, things need to be understood on their own terms first or you wind up with misconceptions. (i've seen it multiple times with java/python programmers getting confused at the other's ""import"" statement.) > strange terminology it's not lisp's fault that it's old. being old means it will have terminology that may be alien to what we have today with nothing today being a perfect fit, or alternatively sometimes it expresses mostly what we say today in a different way. (and when you talk about concepts, not just pure language features, you run into incommensurability. see https://dreamsongs.com/files/incommensurability.pdf for an example with mixins.) clos for example has these things called ""slots"" which are more or less ""fields"" or ""class/instance variables"" in later oop languages. but it's best to think of them as clos slots, so that you don't bring along any (mis)conceptions from other languages. it's sometimes amusing how different other oop systems are given clos was the first to be part of an ansi standard. > that took place in 2008 i rather like that i can often find things decades old about lisp and they are still relevant. systems are at least as early as the lisp machine (1979). perhaps it's worth going to the original description there? i also sort of like this history diving, even if modern sources obsolete the history in every way that matters. but here is the lisp machine manual on the topic: https://hanshuebner.github.io/lmman/maksys.xml ""the way it works is that you define a set of files to be a system , using the defsystem special form, described below."" is that unclear? systems are first and foremost sets of files. systems also let you define relations between files, primarily which files depend on which other files, as further sentences reveal. if you're talking about this page as the first result: https://common-lisp.net/~mmommer/asdf-howto.shtml i agree it's an awful guide. i've never seen it before, it's a shame it's the #1 result. you'd be best served by ignoring it. systems have nothing to do with clos, i assume that guide started trying to use animal parts as a way to elucidate dependencies. (a tail doesn't actually depend on legs though?) i don't recall how i learned systems, probably because a mix of asdf's manual ( https://common-lisp.net/project/asdf/ ), this best practices guide linked from asdf's home page ( https://gitlab.common-lisp.net/asdf/asdf/blob/master/doc/bes... ), just looking at example asd files of popular libraries and applications ( https://github.com/codyreichert/awesome-cl ), a short ebook i occasionally shill ( https://www.darkchestnut.com/book-common-lisp-application-de... ), and just actually writing enough lisp and making my own library, were in part or all together enough. when you're actually writing software, you can just incrementally compile and load your files (or just eval chunks you've selected with the editor), or if you made a bunch of changes across the whole project then you can just reload your system (if you've defined it) and have everything recompiled and reloaded for you. it's worth noting that systems are not part of the ansi lisp standard, though. just as maven is not part of java. if you jump straight to maven without first understanding how to create a java program with multiple files using javac and jars, you might have a hard time later. lord knows plenty of people get by relatively fine skipping around though (and might not even touch maven directly, just do everything from an ide); you can do this with lisp too, but you seem to want to understand things more fundamentally. probably what you need to understand most is the core function ""load"" ( http://www.lispworks.com/documentation/hyperspec/body/f_load... ). after that you probably want to know about packages (which are akin to namespaces -- bags of symbols, if you already know what 'symbol' means in the cl context). you may wish to know about the ""modules"" mini-feature enough to know it's deprecated and doesn't really provide anything like what you think a module system should, so no one uses it, and that this mini-feature is independent from something else you might find rarely mentioned in asdf that is unhelpfully called a 'module'. > packaging in lisp? lisp itself doesn't have a notion of ""packaging"" in the meaning i'm inferring from you, so your question is wrong on its outset. it just has things like compile-file and load. if you like, you can loosely refer to a directory of files you load one by one as a ""package"" or a ""library"". you can define a system for those files with asdf, and treat ""loading the system"" as something like ""loading the library"". when you want to get other ""libraries"" (directories of files -- just like python eggs or java jars, but lisp libs aren't compressed into zips) from the internet, or publish your own, the community standard is https://www.quicklisp.org/beta/ sorry if this is just more unhelpful text, i can feel your frustration even if i don't fully understand it. i do agree that being alien is a detriment to lisp's popularity, but that's not going to change. you might find some leverage by working at cl from the less alien clojure as a starting point. i always thought this two part talk on clojure for java programmers was really good, but the last person i sent it to dozed off watching it, so your results may vary: https://www.youtube.com/watch?v=p76vbsk_3j0",True,
